{
  "op": "naive_bayes",
  "attributes": {
    "pi": {
      "double": [-0.7841189587656721, -1.1895840668738367, -1.4307461236907244],
      "shape": {
        "dimensions": [{
          "size": 3,
          "name": ""
        }]
      },
      "type": "tensor"
    },
    "num_classes": {
      "long": 3
    },
    "theta": {
      "double": [-2.026220845474926, -2.094945728215801, -3.401197381662155, -1.827769906751088, -2.4397862145075306, -2.120263536200091, -3.7938827631239205, -4.579852378003801, -3.2188758248682006, -0.37850074646980847, -0.24911903771747035, -0.21484474849951418],
      "shape": {
        "dimensions": [{
          "size": 3,
          "name": ""
        }, {
          "size": 4,
          "name": ""
        }]
      },
      "type": "tensor"
    },
    "model_type": {
      "string": "multinomial"
    },
    "num_features": {
      "long": 4
    }
  }
}