{
  "op": "string_indexer",
  "attributes": {
    "labels": {
      "string": ["Coruscant", "Tatooine", "Naboo", "Corellia", "Dathomir", "Ryloth", "Tython", "Korriban", "Dorin", "Iridonia", "Alderaan", "Stewjon", "Wayland", "Commenor", "Outer Rim Territories", "Kalee", "unknown", "Concord Dawn", "Rindao", "Ziost", "Quelii", "Glee Anselm", "Cerea", "Telos IV", "Haruun Kal", "Yavin 4", "Nar Shaddaa", "Shili", "Apatros", "Kashyyyk", "Kamino"],
      "type": "list"
    },
    "handle_invalid": {
      "string": "keep"
    }
  }
}